date,open,high,low,close,adj_close,volume
2020-01-02,1.35,1.38,1.35,1.35,1.35,4331
2020-01-03,1.36,1.49,1.36,1.47,1.47,42002
2020-01-06,1.51,1.51,1.36,1.43,1.43,18687
2020-01-07,1.39,1.44,1.36,1.43,1.43,13696
2020-01-08,1.41,1.58,1.36,1.51,1.51,90875
2020-01-09,1.57,1.63,1.43,1.45,1.45,27265
2020-01-10,1.45,1.52,1.41,1.48,1.48,35760
2020-01-13,1.52,1.7,1.42,1.52,1.52,27865
2020-01-14,1.51,1.55,1.5,1.55,1.55,5120
2020-01-15,1.54,1.8,1.54,1.61,1.61,51009
2020-01-16,1.69,1.72,1.63,1.63,1.63,17118
2020-01-17,1.67,1.67,1.4,1.4,1.4,51992
2020-01-21,1.41,1.47,1.41,1.41,1.41,7313
2020-01-22,1.49,1.55,1.44,1.53,1.53,26244
2020-01-23,1.48,1.48,1.41,1.44,1.44,3637
2020-01-24,1.47,1.47,1.35,1.36,1.36,34566
2020-01-27,1.34,1.37,1.25,1.31,1.31,9179
2020-01-28,1.33,1.34,1.21,1.26,1.26,33281
2020-01-29,1.21,1.26,1.14,1.16,1.16,18070
2020-01-30,1.16,1.24,1.1537,1.1603,1.1603,6980
2020-01-31,1.15,1.22,1.15,1.16,1.16,11597
2020-02-03,1.16,1.19,1.15,1.16,1.16,12660
2020-02-04,1.16,1.17,1.15,1.15,1.15,3660
2020-02-05,1.16,1.16,1.15,1.155,1.155,7109
2020-02-06,1.16,1.16,1.13,1.14,1.14,12885
2020-02-07,1.13,1.14,1.03,1.03,1.03,11886
2020-02-10,1.04,1.12,1.04,1.1,1.1,19361
2020-02-11,1.11,1.11,1.04,1.08,1.08,10738
2020-02-12,1.03,1.05,1.03,1.05,1.05,9540
2020-02-13,1.04,1.11,1.04,1.1,1.1,7586
2020-02-14,1.1,1.24,1.06,1.15,1.15,77087
2020-02-18,1.17,1.62,1.17,1.29,1.29,71700
2020-02-19,1.3,1.32,1.1,1.17,1.17,29248
2020-02-20,1.22,1.3,1.17,1.24,1.24,29329
2020-02-21,1.22,1.22,1.11,1.11,1.11,17509
2020-02-24,1.06,1.17,1.02,1.05,1.05,36145
2020-02-25,1.05,1.24,1.05,1.14,1.14,87109
2020-02-26,1.18,1.18,1.05,1.13,1.13,24556
2020-02-27,1.13,1.13,1.05,1.06,1.06,35284
2020-02-28,1.02,1.07,0.95,1.03,1.03,45927
2020-03-02,1.0,1.0,0.98,0.98,0.98,13454
2020-03-03,0.99,1.01,0.97,0.98,0.98,40794
2020-03-04,0.97,1.08,0.96,1.0,1.0,23757
2020-03-05,1.0,1.0,0.96,0.96,0.96,2613
2020-03-06,0.96,1.01,0.96,1.0,1.0,8938
2020-03-09,1.0,1.03,0.97,0.97,0.97,23688
2020-03-10,0.98,1.02,0.96,0.98,0.98,9133
2020-03-11,0.96,0.97,0.96,0.96,0.96,35567
2020-03-12,0.96,1.0,0.9,0.9,0.9,35881
2020-03-13,0.9,0.97,0.86,0.86,0.86,16377
2020-03-16,0.85,0.91,0.85,0.85,0.85,16221
2020-03-17,0.89,0.93,0.85,0.91,0.91,20252
2020-03-18,0.85,0.93,0.7,0.73,0.73,23639
2020-03-19,0.72,0.76,0.7,0.74,0.74,7828
2020-03-20,0.75,1.1,0.75,0.9,0.9,9185
2020-03-23,0.9,0.9,0.8,0.84,0.84,9018
2020-03-24,0.86,1.06,0.75,0.86,0.86,6528
2020-03-25,0.81,0.96,0.8,0.91,0.91,8775
2020-03-26,0.95,1.0,0.9,1.0,1.0,10984
2020-03-27,1.02,1.02,0.95,0.96,0.96,4271
2020-03-30,0.88,1.0,0.88,0.95,0.95,6499
2020-03-31,0.9,0.95,0.9,0.95,0.95,8266
2020-04-01,0.95,1.01,0.94,0.95,0.95,1883
2020-04-02,0.95,0.95,0.91,0.92,0.92,5156
2020-04-03,0.95,0.95,0.95,0.95,0.95,696
2020-04-06,0.95,0.95,0.94,0.95,0.95,3532
2020-04-07,0.95,0.95,0.8,0.9,0.9,19112
2020-04-08,0.9,0.9,0.82,0.88,0.88,14167
2020-04-09,0.88,0.91,0.8,0.85,0.85,22275
2020-04-13,0.82,0.86,0.82,0.82,0.82,5737
2020-04-14,0.83,0.89,0.82,0.82,0.82,9145
2020-04-15,0.82,0.861,0.82,0.861,0.861,2715
2020-04-16,0.87,0.87,0.82,0.85,0.85,8238
2020-04-17,0.83,0.86,0.82,0.84,0.84,7576
2020-04-20,0.83,0.85,0.83,0.83,0.83,3009
2020-04-21,0.78,0.78,0.7,0.77,0.77,10304
2020-04-22,0.77,0.78,0.75,0.76,0.76,16506
2020-04-23,0.78,0.78,0.74,0.74,0.74,3908
2020-04-24,0.81,0.81,0.75,0.75,0.75,7119
2020-04-27,0.75,0.79,0.61,0.67,0.67,62808
2020-04-28,0.69,0.75,0.69,0.75,0.75,20176
2020-04-29,0.74,0.74,0.71,0.72,0.72,17195
2020-04-30,0.76,0.76,0.72,0.72,0.72,10694
2020-05-01,0.8,0.8,0.65,0.74,0.74,33053
2020-05-04,0.74,0.74,0.7,0.71,0.71,11266
2020-05-05,0.7,0.74,0.65,0.72,0.72,9746
2020-05-06,0.7,0.79,0.7,0.75,0.75,25276
2020-05-07,0.8,0.8,0.75,0.8,0.8,12030
2020-05-08,0.8,0.8,0.74,0.75,0.75,12722
2020-05-11,0.79,0.8,0.71,0.76,0.76,16550
2020-05-12,0.72,0.79,0.7,0.71,0.71,7913
2020-05-13,0.7,0.7615,0.7,0.7599,0.7599,25566
2020-05-14,0.76,0.76,0.71,0.72,0.72,12850
2020-05-15,0.82,0.85,0.7,0.71,0.71,32723
2020-05-18,0.71,0.76,0.69,0.72,0.72,23242
2020-05-19,0.8,0.8,0.71,0.76,0.76,19482
2020-05-20,0.72,0.84,0.72,0.79,0.79,25971
2020-05-21,0.96,0.96,0.88,0.9,0.9,37675
2020-05-22,0.9,0.9,0.83,0.83,0.83,8558
2020-05-26,0.88,0.9,0.88,0.9,0.9,8038
2020-05-27,0.89,0.93,0.89,0.9,0.9,10126
2020-05-28,0.92,0.95,0.92,0.94,0.94,10130
2020-05-29,0.95,0.95,0.9,0.9,0.9,6228
2020-06-01,0.9,0.95,0.87,0.91,0.91,6242
2020-06-02,0.87,0.92,0.87,0.88,0.88,4127
2020-06-03,0.84,0.96,0.84,0.91,0.91,6622
2020-06-04,0.88,0.91,0.84,0.86,0.86,7899
2020-06-05,0.87,0.91,0.8,0.86,0.86,29980
2020-06-08,0.9,0.93,0.82,0.89,0.89,32632
2020-06-09,0.93,0.93,0.83,0.92,0.92,17074
2020-06-10,0.93,1.0,0.93,1.0,1.0,30519
2020-06-11,1.31,1.5,1.02,1.12,1.12,416120
2020-06-12,1.2,1.23,1.01,1.14,1.14,64219
2020-06-15,1.14,1.36,1.14,1.29,1.29,167211
2020-06-16,1.33,1.8,1.12,1.12,1.12,1626679
2020-06-17,1.26,1.3,1.11,1.12,1.12,141006
2020-06-18,1.08,1.13,0.93,1.0,1.0,113364
2020-06-19,0.96,1.03,0.95,0.95,0.95,52514
2020-06-22,1.0,1.17,0.97,1.14,1.14,115494
2020-06-23,1.19,1.22,1.14,1.17,1.17,57018
2020-06-24,1.14,1.3,1.14,1.25,1.25,80674
2020-06-25,1.22,1.25,1.11,1.23,1.23,72894
2020-06-26,1.12,1.18,1.12,1.15,1.15,43772
2020-06-29,1.15,1.25,1.1473,1.1658,1.1658,46918
2020-06-30,1.16,1.27,1.16,1.26,1.26,40216
2020-07-01,1.25,1.4,1.18,1.31,1.31,95362
2020-07-02,1.3,1.39,1.3,1.31,1.31,46757
2020-07-06,1.3,1.4,1.3,1.36,1.36,49211
2020-07-07,1.36,1.42,1.35,1.37,1.37,48089
2020-07-08,1.37,1.49,1.35,1.48,1.48,57239
2020-07-09,1.5,1.5,1.45,1.49,1.49,67206
2020-07-10,1.49,1.6,1.43,1.44,1.44,179762
2020-07-13,1.48,1.54,1.39,1.46,1.46,84517
2020-07-14,1.54,1.59,1.48,1.58,1.58,85469
2020-07-15,1.59,1.59,1.52,1.52,1.52,25142
2020-07-16,1.52,1.87,1.52,1.7,1.7,848458
2020-07-17,1.76,1.76,1.59,1.71,1.71,70188
2020-07-20,1.7,1.7,1.31,1.38,1.38,111848
2020-07-21,1.34,1.36,1.31,1.31,1.31,43898
2020-07-22,1.29,1.35,1.17,1.29,1.29,38139
2020-07-23,1.2,1.39,1.2,1.25,1.25,19043
2020-07-24,1.238,1.238,1.08,1.1639,1.1639,28300
2020-07-27,1.17,1.2559,1.13,1.14,1.14,13834
2020-07-28,1.11,1.1799,1.1004,1.12,1.12,8653
2020-07-29,1.14,1.14,1.04,1.065,1.065,69784
2020-07-30,1.02,1.11,1.01,1.05,1.05,46252
2020-07-31,1.06,1.0899,1.01,1.06,1.06,26829
2020-08-03,1.12,1.4,1.02,1.365,1.365,387600
2020-08-04,1.39,1.39,1.2054,1.275,1.275,82279
2020-08-05,1.24,1.33,1.2301,1.3,1.3,36347
2020-08-06,1.26,1.31,1.24,1.2652,1.2652,34534
2020-08-07,1.27,1.28,1.2,1.2612,1.2612,17855
2020-08-10,1.25,1.27,1.21,1.21,1.21,18360
2020-08-11,1.16,1.2799,1.15,1.15,1.15,34183
2020-08-12,1.24,1.24,1.05,1.1,1.1,50561
2020-08-13,1.07,1.22,1.07,1.1,1.1,33512
2020-08-14,1.19,1.19,1.05,1.0999,1.0999,54637
2020-08-17,1.09,1.16,1.0851,1.14,1.14,18451
2020-08-18,1.16,1.27,1.1193,1.1899,1.1899,176231
2020-08-19,1.2,1.21,1.1,1.1,1.1,50989
2020-08-20,1.06,1.1355,1.06,1.1355,1.1355,17291
2020-08-21,1.2,1.2,1.0901,1.125,1.125,22318
2020-08-24,1.1,1.17,1.08,1.08,1.08,27589
2020-08-25,1.0901,1.13,1.09,1.09,1.09,3853
2020-08-26,1.08,1.1099,1.075,1.1,1.1,19799
2020-08-27,1.075,1.0947,1.06,1.06,1.06,13571
2020-08-28,1.11,1.2738,1.11,1.2,1.2,250412
2020-08-31,1.2,1.2,1.11,1.12,1.12,22193
2020-09-01,1.16,1.18,1.1,1.17,1.17,43516
2020-09-02,1.1204,1.18,1.12,1.13,1.13,17240
2020-09-03,1.132,1.15,1.06,1.11,1.11,32074
2020-09-04,1.09,1.11,1.068,1.1,1.1,27247
2020-09-08,1.09,1.14,1.07,1.14,1.14,17481
2020-09-09,1.11,1.14,1.07,1.09,1.09,9963
2020-09-10,1.08,1.09,1.07,1.07,1.07,26856
2020-09-11,1.08,1.09,1.06,1.06,1.06,22739
2020-09-14,1.084,1.09,1.06,1.09,1.09,11490
2020-09-15,1.11,1.1104,1.07,1.1,1.1,13679
2020-09-16,1.1,1.1204,1.08,1.12,1.12,7630
2020-09-17,1.09,1.0999,1.07,1.09,1.09,6684
2020-09-18,1.075,1.08,1.06,1.06,1.06,12246
2020-09-21,1.08,1.08,1.06,1.06,1.06,3862
2020-09-22,1.07,1.1196,1.061,1.07,1.07,8644
2020-09-23,1.085,1.085,1.07,1.0752,1.0752,4587
2020-09-24,1.07,1.09,1.06,1.07,1.07,22408
2020-09-25,1.06,1.11,1.06,1.1,1.1,33995
2020-09-28,1.15,1.21,1.075,1.1501,1.1501,238983
2020-09-29,1.13,1.17,1.09,1.1283,1.1283,78815
2020-09-30,1.1182,1.1345,1.09,1.105,1.105,18678
2020-10-01,1.11,1.13,1.11,1.13,1.13,4725
2020-10-02,1.1,1.14,1.09,1.1,1.1,17237
2020-10-05,1.1,1.13,1.09,1.11,1.11,11109
2020-10-06,1.13,1.13,1.11,1.11,1.11,1777
2020-10-07,1.115,1.115,1.095,1.1,1.1,6447
2020-10-08,1.09,1.09,1.07,1.09,1.09,5607
2020-10-09,1.0899,1.09,1.07,1.08,1.08,26776
2020-10-12,1.07,1.43,1.06,1.19,1.19,994439
2020-10-13,1.24,1.29,1.06,1.09,1.09,184798
2020-10-14,1.09,1.17,1.0811,1.15,1.15,85680
2020-10-15,1.1,1.18,1.1,1.166,1.166,59878
2020-10-16,1.16,1.259,1.14,1.1852,1.1852,174273
2020-10-19,1.22,1.4,1.14,1.22,1.22,682585
2020-10-20,1.24,1.29,1.24,1.245,1.245,96601
2020-10-21,1.28,1.28,1.18,1.18,1.18,51733
2020-10-22,1.19,1.28,1.17,1.26,1.26,296487
2020-10-23,1.25,1.25,1.2,1.23,1.23,23361
2020-10-26,1.23,1.23,1.09,1.1,1.1,95787
2020-10-27,1.1147,1.13,1.11,1.12,1.12,14500
2020-10-28,1.12,1.12,1.09,1.09,1.09,35780
2020-10-29,1.11,1.11,1.09,1.09,1.09,13207
2020-10-30,1.09,1.1,1.08,1.09,1.09,28831
2020-11-02,1.09,1.14,1.09,1.1,1.1,35479
2020-11-03,1.115,1.17,1.115,1.1319,1.1319,56528
2020-11-04,1.17,1.18,1.12,1.13,1.13,32327
2020-11-05,1.14,1.15,1.11,1.13,1.13,56284
2020-11-06,1.14,1.19,1.125,1.155,1.155,57915
2020-11-09,1.13,1.19,1.13,1.15,1.15,24477
2020-11-10,1.15,1.1622,1.13,1.15,1.15,25393
2020-11-11,1.14,1.16,1.14,1.14,1.14,20450
2020-11-12,1.15,1.25,1.15,1.22,1.22,286800
2020-11-13,1.15,1.17,1.1001,1.1333,1.1333,67361
2020-11-16,1.15,1.15,1.11,1.12,1.12,17079
2020-11-17,1.15,1.15,1.11,1.13,1.13,29893
2020-11-18,1.15,1.2,1.12,1.16,1.16,127713
2020-11-19,1.17,1.22,1.16,1.16,1.16,64522
2020-11-20,1.18,1.18,1.14,1.15,1.15,32623
2020-11-23,1.18,1.19,1.16,1.17,1.17,34893
2020-11-24,1.18,1.25,1.1773,1.21,1.21,190385
2020-11-25,1.26,1.2893,1.215,1.27,1.27,199166
2020-11-27,1.3,1.3,1.21,1.24,1.24,34515
2020-11-30,1.24,1.24,1.2,1.22,1.22,30539
2020-12-01,1.19,1.22,1.15,1.15,1.15,30731
2020-12-02,1.19,1.2047,1.15,1.17,1.17,11508
2020-12-03,1.17,1.24,1.17,1.23,1.23,73166
2020-12-04,1.19,1.24,1.18,1.18,1.18,42428
2020-12-07,1.19,1.25,1.18,1.19,1.19,19253
2020-12-08,1.23,1.23,1.19,1.19,1.19,27290
2020-12-09,1.19,1.21,1.13,1.15,1.15,54904
2020-12-10,1.15,1.19,1.15,1.1781,1.1781,4644
2020-12-11,1.16,1.19,1.16,1.1602,1.1602,13216
2020-12-14,1.17,1.21,1.16,1.17,1.17,21153
2020-12-15,1.18,1.2,1.16,1.2,1.2,6063
2020-12-16,1.16,1.2001,1.16,1.2,1.2,44379
2020-12-17,1.2,1.2,1.16,1.18,1.18,5972
2020-12-18,1.16,1.2002,1.16,1.2002,1.2002,9939
2020-12-21,1.18,1.2,1.18,1.2,1.2,12050
2020-12-22,1.2,1.23,1.1601,1.18,1.18,12470
2020-12-23,1.21,1.3,1.18,1.28,1.28,78500
2020-12-24,1.27,1.2799,1.2,1.2799,1.2799,49926
2020-12-28,1.28,1.28,1.2,1.21,1.21,49683
2020-12-29,1.19,1.23,1.17,1.19,1.19,139609
2020-12-30,1.17,1.21,1.16,1.19,1.19,21848
2020-12-31,1.2,1.21,1.18,1.19,1.19,32248
2021-01-04,1.17,1.22,1.17,1.18,1.18,17972
2021-01-05,1.2,1.2735,1.1901,1.23,1.23,21266
2021-01-06,1.23,1.3,1.2152,1.22,1.22,41438
2021-01-07,1.3,1.3,1.23,1.2686,1.2686,20353
2021-01-08,1.27,1.2838,1.22,1.241,1.241,18579
2021-01-11,1.27,1.2999,1.2582,1.26,1.26,28256
2021-01-12,1.25,1.2601,1.2,1.248,1.248,62610
2021-01-13,1.2101,1.26,1.21,1.21,1.21,31571
2021-01-14,1.23,1.3,1.22,1.26,1.26,43054
2021-01-15,1.25,1.46,1.24,1.26,1.26,109213
2021-01-19,1.3,1.394,1.27,1.3038,1.3038,63308
2021-01-20,1.31,1.51,1.3,1.38,1.38,206115
2021-01-21,1.41,1.42,1.3503,1.4,1.4,45028
2021-01-22,1.48,1.4899,1.3,1.35,1.35,80833
2021-01-25,1.44,1.46,1.332,1.3882,1.3882,32534
2021-01-26,1.43,1.43,1.37,1.38,1.38,14768
2021-01-27,1.32,1.3791,1.26,1.32,1.32,61115
2021-01-28,1.3,1.3563,1.27,1.27,1.27,44818
2021-01-29,1.3,1.42,1.3,1.3137,1.3137,104996
2021-02-01,1.35,1.36,1.31,1.34,1.34,27747
2021-02-02,1.34,1.41,1.34,1.4,1.4,25264
2021-02-03,1.41,1.41,1.35,1.36,1.36,21203
2021-02-04,3.67,19.75,3.45,14.3,14.3,310025935
2021-02-05,10.02,10.12,5.6001,6.33,6.33,18171518
2021-02-08,6.1688,7.5,5.46,5.85,5.85,5239331
2021-02-09,6.05,6.39,5.91,6.21,6.21,2240832
2021-02-10,6.6645,6.7,6.0,6.08,6.08,2348860
2021-02-11,6.02,6.25,5.37,5.62,5.62,1095029
2021-02-12,5.97,6.3,5.57,5.72,5.72,1613627
2021-02-16,5.77,6.34,5.7,5.9,5.9,1548633
2021-02-17,5.8212,6.36,5.65,6.02,6.02,1577710
2021-02-18,5.97,6.25,5.65,5.75,5.75,1029362
2021-02-19,5.67,5.8603,5.45,5.66,5.66,498146
2021-02-22,5.62,5.66,5.202,5.39,5.39,1043837
2021-02-23,5.21,5.65,4.45,4.46,4.46,863532
2021-02-24,4.58,5.14,4.58,5.06,5.06,264454
2021-02-25,5.4326,5.4369,4.94,5.06,5.06,283249
2021-02-26,5.05,5.64,4.6545,5.05,5.05,1321197
2021-03-01,5.02,5.26,4.91,5.15,5.15,221621
2021-03-02,5.17,5.17,4.91,5.07,5.07,128711
2021-03-03,5.0,5.1612,4.63,4.63,4.63,146715
2021-03-04,4.51,4.63,4.05,4.26,4.26,249234
2021-03-05,4.21,4.34,3.94,4.08,4.08,177286
2021-03-08,4.19,4.5494,3.9005,4.01,4.01,382925
2021-03-09,4.19,4.59,4.18,4.37,4.37,441066
2021-03-10,4.81,5.12,4.4,4.5,4.5,911073
2021-03-11,4.5235,4.93,4.32,4.78,4.78,447465
2021-03-12,4.8,4.9499,4.39,4.47,4.47,422560
2021-03-15,4.79,4.79,4.4306,4.66,4.66,193081
2021-03-16,4.64,4.7301,4.12,4.26,4.26,236291
2021-03-17,4.23,4.65,4.23,4.6,4.6,294094
2021-03-18,4.53,5.14,4.4628,4.74,4.74,681868
2021-03-19,4.81,5.5,4.64,5.29,5.29,1743447
2021-03-22,5.32,6.06,4.8701,5.01,5.01,2423557
2021-03-23,4.9,4.95,4.2,4.39,4.39,816013
2021-03-24,4.3,4.44,4.0,4.09,4.09,273982
2021-03-25,4.0,4.1399,3.77,3.97,3.97,207284
2021-03-26,4.3,5.44,4.3,4.92,4.92,5809520
2021-03-29,4.39,4.68,4.2,4.36,4.36,714390
2021-03-30,4.42,4.45,4.2,4.27,4.27,265390
2021-03-31,4.2,4.75,4.2,4.37,4.37,2152571
2021-04-01,4.41,4.5,4.17,4.19,4.19,382299
2021-04-05,4.15,4.29,4.07,4.2,4.2,132172
2021-04-06,4.14,4.25,3.96,3.99,3.99,247077
2021-04-07,3.99,4.0,3.8,3.99,3.99,172766
2021-04-08,4.0,4.14,3.86,4.06,4.06,311755
2021-04-09,4.06,4.06,3.9,4.06,4.06,84271
2021-04-12,4.05,4.05,3.72,3.76,3.76,173813
2021-04-13,3.74,3.75,3.21,3.31,3.31,293940
2021-04-14,3.35,3.45,3.29,3.37,3.37,94782
2021-04-15,3.35,3.83,3.05,3.09,3.09,1646233
2021-04-16,3.0,3.03,2.7385,2.81,2.81,230637
2021-04-19,2.85,3.03,2.795,2.99,2.99,172984
2021-04-20,2.93,2.9883,2.77,2.85,2.85,73722
2021-04-21,2.82,2.95,2.75,2.76,2.76,93253
2021-04-22,2.76,2.95,2.72,2.75,2.75,58512
2021-04-23,2.75,2.882,2.7,2.84,2.84,277695
2021-04-26,2.89,3.18,2.88,3.03,3.03,279722
2021-04-27,3.1,3.28,3.05,3.2,3.2,346582
2021-04-28,3.32,3.3971,3.21,3.33,3.33,145042
2021-04-29,3.41,3.5,3.1693,3.36,3.36,179534
2021-04-30,3.29,3.3401,3.09,3.09,3.09,121082
2021-05-03,3.09,3.29,3.0,3.03,3.03,119135
2021-05-04,3.03,3.1172,2.86,2.9,2.9,47608
2021-05-05,2.83,3.07,2.83,3.03,3.03,73113
2021-05-06,3.0,3.02,2.82,2.86,2.86,61373
2021-05-07,2.85,3.0,2.85,2.91,2.91,29661
2021-05-10,2.86,2.93,2.81,2.88,2.88,34028
2021-05-11,2.82,2.93,2.77,2.88,2.88,83986
2021-05-12,2.8,2.8783,2.7,2.74,2.74,45953
2021-05-13,2.72,2.7494,2.5601,2.61,2.61,41844
2021-05-14,2.63,2.76,2.61,2.75,2.75,59818
2021-05-17,2.77,2.96,2.72,2.96,2.96,52655
2021-05-18,2.9,3.0,2.86,2.95,2.95,79420
2021-05-19,2.84,2.9,2.71,2.86,2.86,37956
2021-05-20,2.83,2.99,2.8,2.89,2.89,38820
2021-05-21,2.89,3.06,2.8799,2.93,2.93,314661
2021-05-24,2.92,3.05,2.77,2.77,2.77,57799
2021-05-25,2.84,2.9,2.71,2.77,2.77,48854
2021-05-26,2.84,2.95,2.73,2.91,2.91,52346
2021-05-27,2.815,3.0,2.815,2.95,2.95,58018
2021-05-28,2.92,3.05,2.8991,2.98,2.98,54984
2021-06-01,3.0,3.0565,2.95,3.0,3.0,55367
2021-06-02,3.14,3.1681,2.96,3.12,3.12,157098
2021-06-03,3.19,3.29,3.01,3.24,3.24,130705
2021-06-04,3.24,3.51,3.2,3.24,3.24,238259
2021-06-07,3.24,3.35,3.19,3.35,3.35,34400
2021-06-08,3.37,3.45,3.32,3.33,3.33,65870
2021-06-09,3.41,3.48,3.31,3.31,3.31,39023
2021-06-10,3.37,3.404,3.11,3.22,3.22,40042
2021-06-11,3.24,3.2804,3.14,3.19,3.19,29401
2021-06-14,3.18,3.44,3.1654,3.24,3.24,641687
2021-06-15,3.23,3.29,3.1,3.12,3.12,48574
2021-06-16,3.12,3.1303,3.0073,3.01,3.01,38887
2021-06-17,3.03,3.04,2.9,2.95,2.95,42138
2021-06-24,2.97,3.12,2.9442,3.02,3.02,55587
2021-06-25,3.07,3.1,2.98,3.05,3.05,63417
2021-06-28,3.05,3.0885,2.91,2.95,2.95,27904
2021-06-29,2.93,3.15,2.93,3.08,3.08,111519
2021-06-30,3.15,3.18,3.01,3.08,3.08,72304
2021-07-01,3.09,3.18,2.95,2.96,2.96,39400
2021-07-02,2.99,2.99,2.84,2.88,2.88,44492
2021-07-06,2.88,2.91,2.81,2.87,2.87,39056
2021-07-07,2.83,2.87,2.7,2.75,2.75,47730
2021-07-08,2.66,2.8,2.58,2.66,2.66,50801
2021-07-09,2.675,2.78,2.67,2.73,2.73,73945
2021-07-12,2.76,2.9499,2.7,2.87,2.87,113301
2021-07-13,2.7816,2.92,2.75,2.8,2.8,40464
2021-07-14,2.839,3.25,2.8,2.98,2.98,438676
2021-07-15,2.98,4.75,2.9401,3.83,3.83,43796169
2021-07-16,3.155,3.35,2.485,3.1,3.1,4465491
2021-07-19,2.91,2.99,2.65,2.98,2.98,650219
2021-07-20,3.02,3.3,2.9,3.2788,3.2788,377662
2021-07-21,3.25,3.41,3.14,3.19,3.19,278788
2021-07-22,3.14,3.47,3.1,3.33,3.33,307689
2021-07-23,3.26,4.2699,3.16,4.13,4.13,2327650
2021-07-26,4.0257,4.03,3.2157,3.22,3.22,741279
2021-07-27,3.25,3.35,2.98,3.08,3.08,209542
2021-07-28,3.26,3.3,3.0753,3.3,3.3,104620
2021-07-29,3.34,3.394,3.11,3.16,3.16,151621
2021-07-30,3.19,3.21,3.0701,3.11,3.11,74820
2021-08-02,3.12,3.22,3.01,3.07,3.07,227236
2021-08-03,3.08,3.11,2.83,2.88,2.88,123916
2021-08-04,2.92,2.9999,2.89,2.9,2.9,26045
2021-08-05,2.86,2.92,2.85,2.87,2.87,44062
2021-08-06,2.8879,2.9,2.83,2.86,2.86,31407
2021-08-09,2.89,2.91,2.86,2.86,2.86,47817
2021-08-10,2.86,2.94,2.86,2.88,2.88,41491
2021-08-11,2.97,2.99,2.9,2.94,2.94,38444
2021-08-12,2.9,2.9682,2.76,2.8,2.8,123966
2021-08-13,2.76,2.98,2.51,2.71,2.71,254498
2021-08-16,2.65,2.7422,2.59,2.63,2.63,54953
2021-08-17,2.6,2.64,2.5,2.59,2.59,84762
2021-08-18,2.6,2.69,2.51,2.52,2.52,57484
2021-08-19,2.51,2.57,2.5,2.52,2.52,29812
2021-08-20,2.52,2.6673,2.52,2.58,2.58,31716
2021-08-23,2.58,2.64,2.495,2.53,2.53,57230
2021-08-24,2.54,2.94,2.54,2.63,2.63,230202
2021-08-25,2.61,2.7,2.56,2.63,2.63,98470
2021-08-26,2.67,2.67,2.5646,2.63,2.63,25380
2021-08-27,2.62,2.69,2.61,2.66,2.66,35365
2021-08-30,2.68,2.74,2.64,2.7,2.7,45858
2021-08-31,2.75,2.79,2.66,2.78,2.78,31988
2021-09-01,2.87,2.87,2.705,2.8,2.8,33312
2021-09-02,2.82,2.85,2.76,2.77,2.77,40538
2021-09-03,2.76,2.79,2.76,2.77,2.77,10436
2021-09-07,2.77,2.85,2.77,2.82,2.82,19676
2021-09-08,2.7967,2.99,2.67,2.71,2.71,68788
2021-09-09,2.73,2.88,2.72,2.78,2.78,120601
2021-09-10,2.78,2.91,2.7105,2.85,2.85,138001
2021-09-13,2.85,2.89,2.8,2.87,2.87,33875
2021-09-14,2.87,2.87,2.77,2.83,2.83,24210
2021-09-15,2.83,2.83,2.73,2.81,2.81,14840
2021-09-16,2.75,2.8099,2.72,2.76,2.76,22833
2021-09-17,2.76,2.79,2.62,2.68,2.68,17614
2021-09-20,2.57,2.67,2.3,2.33,2.33,103985
2021-09-21,2.37,2.43,2.35,2.41,2.41,20455
2021-09-22,2.43,2.49,2.41,2.44,2.44,32412
2021-09-23,2.442,2.47,2.36,2.36,2.36,34490
2021-09-24,2.34,2.43,2.34,2.4,2.4,16720
2021-09-27,2.4,2.4,2.35,2.37,2.37,20345
2021-09-28,2.4,2.49,2.37,2.47,2.47,40845
2021-09-29,2.48,2.48,2.3058,2.35,2.35,18548
2021-09-30,2.35,2.42,2.31,2.34,2.34,33875
2021-10-01,2.3293,2.4,2.3293,2.4,2.4,13162
2021-10-04,2.39,2.4,2.3101,2.37,2.37,11054
2021-10-05,2.34,2.36,2.26,2.2638,2.2638,20118
2021-10-06,2.26,2.26,2.2,2.22,2.22,17155
2021-10-07,2.29,2.35,2.2401,2.27,2.27,14604
2021-10-08,2.28,2.33,2.28,2.3,2.3,6796
2021-10-11,2.31,2.35,2.22,2.34,2.34,17767
2021-10-12,2.29,2.73,2.26,2.39,2.39,332464
2021-10-13,2.39,2.4065,2.25,2.28,2.28,29881
2021-10-14,2.34,2.34,2.26,2.2801,2.2801,17979
2021-10-15,2.27,2.58,2.26,2.4642,2.4642,214549
2021-10-18,2.45,2.5,2.3446,2.39,2.39,22769
2021-10-19,2.49,2.67,2.31,2.56,2.56,223846
2021-10-20,2.57,2.9,2.36,2.44,2.44,378777
2021-10-21,2.45,2.6,2.27,2.42,2.42,133465
2021-10-22,2.38,2.41,2.34,2.34,2.34,36341
2021-10-25,2.32,2.42,2.24,2.39,2.39,56283
2021-10-26,2.46,2.46,2.34,2.34,2.34,41847
2021-10-27,2.34,2.47,2.27,2.28,2.28,75893
2021-10-28,2.25,2.29,2.22,2.25,2.25,18773
2021-10-29,2.22,2.3,2.2,2.27,2.27,16219
2021-11-01,2.27,2.37,2.25,2.285,2.285,23753
2021-11-02,2.27,2.37,2.27,2.3696,2.3696,20293
2021-11-03,2.34,2.4,2.34,2.38,2.38,10467
2021-11-04,2.36,2.38,2.27,2.33,2.33,21354
2021-11-05,2.36,2.38,2.3,2.36,2.36,20880
2021-11-08,2.4,2.4,2.31,2.3159,2.3159,19983
2021-11-09,2.35,2.35,2.28,2.31,2.31,19682
2021-11-10,2.29,2.31,2.2,2.2,2.2,24238
2021-11-11,2.2012,2.22,2.18,2.21,2.21,18730
2021-11-12,2.21,2.2199,2.18,2.21,2.21,7791
2021-11-15,2.19,2.24,2.146,2.16,2.16,11621
2021-11-16,2.15,2.21,2.15,2.15,2.15,14149
2021-11-17,2.14,2.14,2.05,2.05,2.05,20972
2021-11-18,2.05,2.1167,1.85,1.94,1.94,36618
2021-11-19,1.81,1.86,1.75,1.7707,1.7707,44269
2021-11-22,1.75,1.82,1.75,1.76,1.76,16797
2021-11-23,1.76,1.8,1.73,1.73,1.73,16948
2021-11-24,1.73,1.78,1.7001,1.75,1.75,10120
2021-11-26,1.73,1.75,1.7,1.72,1.72,16885
2021-11-29,1.71,1.7662,1.7,1.7,1.7,11934
2021-11-30,1.73,1.73,1.64,1.64,1.64,33418
2021-12-01,1.7,1.7,1.5,1.5,1.5,36088
2021-12-02,1.61,1.61,1.5,1.5,1.5,16521
2021-12-03,1.57,1.57,1.2377,1.32,1.32,39125
2021-12-06,1.27,1.3942,1.25,1.39,1.39,27550
2021-12-07,1.38,1.5899,1.27,1.53,1.53,32129
2021-12-08,1.5,1.58,1.4,1.42,1.42,79841
2021-12-09,1.44,1.63,1.34,1.57,1.57,83908
2021-12-10,1.65,1.65,1.5,1.57,1.57,10430
2021-12-13,1.57,1.57,1.4046,1.42,1.42,23037
2021-12-14,1.4203,1.49,1.3524,1.42,1.42,10684
2021-12-15,1.31,1.4,1.1035,1.34,1.34,53057
2021-12-16,1.39,1.3947,1.25,1.3,1.3,25903
2021-12-17,1.28,1.3,1.25,1.27,1.27,26255
2021-12-20,1.26,1.26,1.12,1.15,1.15,53198
2021-12-21,1.24,1.278,1.1494,1.19,1.19,22146
2021-12-22,1.18,1.3,1.18,1.22,1.22,33288
2021-12-23,1.28,1.28,1.16,1.24,1.24,29131
2021-12-27,1.25,1.2637,1.1501,1.18,1.18,28387
2021-12-28,1.12,1.18,1.12,1.17,1.17,26754
2021-12-29,1.17,1.17,1.04,1.06,1.06,76661
2021-12-30,1.08,1.1199,1.0,1.04,1.04,116353
2021-12-31,1.06,1.1,1.0588,1.0705,1.0705,58581
2022-01-03,1.17,1.31,1.15,1.19,1.19,127829
2022-01-04,1.25,2.59,1.25,2.55,2.55,11843525
2022-01-05,1.8,2.64,1.72,2.3,2.3,8067429
2022-01-06,1.89,2.3406,1.87,1.98,1.98,2050704
2022-01-07,1.93,2.94,1.85,2.64,2.64,9718034
2022-01-10,2.44,2.65,2.19,2.19,2.19,1410378
2022-01-11,2.19,2.5499,2.16,2.29,2.29,1538112
2022-01-12,2.29,2.29,1.95,2.01,2.01,516758
2022-01-13,1.94,2.0013,1.8216,1.86,1.86,290693
2022-01-14,1.85,2.09,1.83,1.91,1.91,191928
2022-01-18,1.82,1.8899,1.7,1.76,1.76,184259
2022-01-19,1.76,1.8799,1.63,1.82,1.82,121657
2022-01-20,1.825,1.8768,1.71,1.83,1.83,64488
2022-01-21,1.81,1.81,1.72,1.75,1.75,88171
2022-01-24,1.71,1.72,1.55,1.7,1.7,131841
2022-01-25,1.7,1.7587,1.7,1.72,1.72,48216
2022-01-26,1.79,1.8,1.6,1.68,1.68,64231
2022-01-27,1.6435,1.7145,1.54,1.54,1.54,49930
2022-01-28,1.53,1.5755,1.48,1.55,1.55,28507
2022-01-31,1.66,1.66,1.48,1.56,1.56,27410
2022-02-01,1.53,1.65,1.52,1.61,1.61,55999
2022-02-02,1.66,1.71,1.5,1.63,1.63,400447
2022-02-03,1.6,1.64,1.54,1.54,1.54,32379
2022-02-04,1.6,1.68,1.5,1.56,1.56,61790
2022-02-07,1.58,1.64,1.51,1.59,1.59,67833
2022-02-08,1.56,1.6099,1.56,1.58,1.58,28825
2022-02-09,1.582,1.67,1.57,1.59,1.59,53015
2022-02-10,1.59,1.78,1.59,1.64,1.64,71038
2022-02-11,1.6999,1.7,1.5201,1.57,1.57,45564
2022-02-14,1.59,1.6599,1.507,1.54,1.54,27158
2022-02-15,1.55,1.62,1.5,1.54,1.54,65063
2022-02-16,1.5,1.5751,1.5,1.55,1.55,19540
2022-02-17,1.55,1.57,1.47,1.55,1.55,15858
2022-02-18,1.57,1.57,1.36,1.39,1.39,52615
2022-02-22,1.47,1.47,1.21,1.26,1.26,57443
2022-02-23,1.27,1.345,1.24,1.26,1.26,11952
2022-02-24,1.2,1.34,1.18,1.34,1.34,33091
2022-02-25,1.36,1.4151,1.34,1.36,1.36,7920
2022-02-28,1.32,1.34,1.27,1.3,1.3,28138
2022-03-01,1.27,1.3299,1.25,1.32,1.32,10519
2022-03-02,1.29,1.33,1.25,1.25,1.25,10720
2022-03-03,1.31,1.31,1.22,1.24,1.24,9117
2022-03-04,1.2916,1.2916,1.21,1.21,1.21,34965
2022-03-07,1.21,1.26,1.16,1.2,1.2,65721
2022-03-08,1.18,1.25,1.17,1.24,1.24,29831
2022-03-09,1.26,1.33,1.2599,1.3,1.3,16090
2022-03-10,1.275,1.31,1.18,1.18,1.18,13878
2022-03-11,1.2498,1.25,1.18,1.18,1.18,23136
2022-03-14,1.28,1.33,1.15,1.24,1.24,61113
2022-03-15,1.25,1.25,1.17,1.18,1.18,13907
2022-03-16,1.33,1.4482,1.22,1.3,1.3,95806
2022-03-17,1.36,1.42,1.31,1.38,1.38,45100
2022-03-18,1.45,1.45,1.3801,1.43,1.43,38764
2022-03-21,1.48,1.49,1.4,1.415,1.415,42370
2022-03-22,1.27,1.43,1.27,1.39,1.39,80028
2022-03-23,1.36,1.65,1.36,1.46,1.46,165934
2022-03-24,1.44,1.46,1.41,1.44,1.44,17517
2022-03-25,1.42,1.52,1.42,1.45,1.45,12531
2022-03-28,1.45,1.4644,1.31,1.35,1.35,31845
2022-03-29,1.34,1.4,1.34,1.37,1.37,15178
2022-03-30,1.39,1.42,1.33,1.4,1.4,30959
2022-03-31,1.39,1.6,1.39,1.48,1.48,46267
2022-04-01,1.56,1.6,1.4,1.44,1.44,151145
2022-04-04,1.45,1.46,1.4,1.41,1.41,22927
2022-04-05,1.4,1.4562,1.4,1.44,1.44,16280
2022-04-06,1.38,1.44,1.3,1.3,1.3,10973
2022-04-07,1.32,1.32,1.223,1.27,1.27,26445
2022-04-08,1.26,1.27,1.21,1.21,1.21,7154
2022-04-11,1.2,1.26,1.2,1.225,1.225,17914
2022-04-12,1.2267,1.27,1.18,1.21,1.21,33049
2022-04-13,1.23,1.25,1.19,1.22,1.22,13316
2022-04-14,1.23,1.24,1.22,1.23,1.23,8734
2022-04-18,1.22,1.2385,1.18,1.19,1.19,18812
2022-04-19,1.19,1.23,1.16,1.16,1.16,36082
2022-04-20,1.16,1.19,1.16,1.16,1.16,7274
2022-04-21,1.16,1.1967,1.16,1.17,1.17,10199
2022-04-22,1.17,1.2399,1.16,1.21,1.21,27802
2022-04-25,1.18,1.2,1.16,1.17,1.17,21820
2022-04-26,1.18,1.18,1.16,1.16,1.16,6916
2022-04-27,1.16,1.19,1.15,1.15,1.15,9893
2022-04-28,1.1606,1.1606,1.13,1.15,1.15,10492
2022-04-29,1.17,1.1974,1.16,1.18,1.18,7296
2022-05-02,1.17,1.1811,1.15,1.16,1.16,5266
2022-05-03,1.15,1.17,1.15,1.16,1.16,7143
2022-05-04,1.15,1.1508,1.14,1.1466,1.1466,10533
2022-05-05,1.16,1.17,1.14,1.17,1.17,13677
2022-05-06,1.15,1.16,1.14,1.14,1.14,17598
2022-05-09,1.14,1.14,1.07,1.07,1.07,26829
2022-05-10,1.07,1.09,1.07,1.075,1.075,11277
2022-05-11,1.09,1.09,1.04,1.04,1.04,24029
2022-05-12,1.0,1.0,0.8797,0.935,0.935,14766
2022-05-13,1.07,1.07,0.93,1.05,1.05,16427
2022-05-16,1.15,1.15,1.01,1.01,1.01,10256
2022-05-17,1.13,1.13,1.07,1.09,1.09,12899
2022-05-18,1.1,1.1,1.08,1.08,1.08,3072
2022-05-19,1.1,1.1,1.03,1.03,1.03,15732
2022-05-20,1.03,1.03,1.01,1.01,1.01,7909
2022-05-23,1.02,1.02,1.01,1.01,1.01,6316
2022-05-24,1.01,1.0424,0.99,0.99,0.99,22147
2022-05-25,1.0141,1.0141,0.97,0.97,0.97,23938
2022-05-26,0.98,1.0,0.9799,1.0,1.0,4454
2022-05-27,0.96,1.17,0.96,1.055,1.055,14868
2022-05-31,1.11,1.11,1.026,1.06,1.06,8689
2022-06-01,1.07,1.0857,0.97,0.97,0.97,15246
2022-06-02,0.97,1.035,0.97,1.03,1.03,15745
2022-06-03,1.03,1.05,0.9701,1.02,1.02,9154
2022-06-06,1.014,1.05,1.014,1.0348,1.0348,1826
2022-06-07,1.05,1.0627,1.05,1.06,1.06,8444
2022-06-08,1.0644,1.1102,1.0644,1.07,1.07,4988
2022-06-09,1.041,1.1162,1.04,1.08,1.08,5902
2022-06-10,1.16,1.16,1.09,1.0991,1.0991,4402
2022-06-13,1.08,1.09,1.04,1.04,1.04,10461
2022-06-14,1.02,1.1,1.02,1.04,1.04,3212
2022-06-15,1.0527,1.0527,1.0,1.01,1.01,17275
2022-06-16,1.0114,1.03,1.01,1.01,1.01,5869
2022-06-17,1.0101,1.03,1.01,1.0172,1.0172,7528
2022-06-21,1.02,1.0699,1.02,1.045,1.045,2458
2022-06-22,1.05,1.0624,1.05,1.05,1.05,5223
2022-06-23,1.03,1.0416,1.03,1.0301,1.0301,3980
2022-06-24,1.0434,1.1093,1.0434,1.08,1.08,4939
2022-06-27,1.08,1.09,1.08,1.09,1.09,1522
2022-06-28,1.19,1.19,1.0801,1.115,1.115,6789
2022-06-29,1.14,1.14,1.05,1.05,1.05,17945
2022-06-30,1.08,1.0801,1.06,1.06,1.06,14655
2022-07-01,1.06,1.0772,1.06,1.06,1.06,7825
2022-07-05,1.07,1.07,1.06,1.06,1.06,8280
2022-07-06,1.06,1.11,1.06,1.1,1.1,6282
2022-07-07,1.11,1.15,1.1,1.15,1.15,14825
2022-07-08,1.2,1.29,1.16,1.27,1.27,33883
2022-07-11,1.36,1.3633,1.32,1.34,1.34,20632
2022-07-12,1.43,1.43,1.35,1.38,1.38,23238
2022-07-13,1.38,1.39,1.3601,1.38,1.38,8974
2022-07-14,1.38,1.38,1.34,1.34,1.34,7106
2022-07-15,1.35,1.35,1.22,1.2799,1.2799,24006
2022-07-18,1.24,1.29,1.24,1.2704,1.2704,2644
2022-07-19,1.2473,1.3,1.2473,1.29,1.29,19002
2022-07-20,1.3,1.4,1.3,1.4,1.4,22542
2022-07-21,1.41,1.65,1.3445,1.62,1.62,83177
2022-07-22,1.62,1.6204,1.51,1.57,1.57,8027
2022-07-25,1.59,1.59,1.53,1.54,1.54,12055
2022-07-26,1.532,1.55,1.53,1.54,1.54,4299
2022-07-27,1.54,1.5799,1.52,1.53,1.53,17681
2022-07-28,1.5899,1.625,1.55,1.55,1.55,18462
2022-07-29,1.56,1.64,1.56,1.64,1.64,12498
2022-08-01,1.62,1.89,1.61,1.85,1.85,131747
2022-08-02,1.82,1.92,1.8,1.91,1.91,57922
2022-08-03,1.99,2.0,1.9005,1.94,1.94,41224
2022-08-04,1.95,1.9699,1.8,1.86,1.86,62142
2022-08-05,1.81,1.9351,1.6,1.8505,1.8505,123486
2022-08-08,1.93,1.94,1.82,1.85,1.85,36786
2022-08-09,1.85,1.9099,1.8301,1.9,1.9,23814
2022-08-10,1.89,1.98,1.8415,1.87,1.87,26534
2022-08-11,1.94,2.03,1.84,1.91,1.91,88323
2022-08-12,1.97,1.97,1.8,1.82,1.82,26918
2022-08-15,1.9,1.95,1.61,1.94,1.94,88712
2022-08-16,1.95,2.15,1.87,2.12,2.12,106072
2022-08-17,2.1,2.48,2.1,2.4,2.4,223563
2022-08-18,2.4,2.64,2.31,2.6,2.6,325820
2022-08-19,2.64,2.64,2.54,2.6,2.6,84958
2022-08-22,2.61,2.61,2.3,2.36,2.36,74328
2022-08-23,2.32,2.56,2.32,2.56,2.56,56892
2022-08-24,2.51,2.61,2.45,2.6,2.6,41390
2022-08-25,2.52,2.6393,2.51,2.52,2.52,72480
2022-08-26,2.52,2.57,2.43,2.47,2.47,33433
2022-08-29,2.41,2.55,2.4001,2.45,2.45,13730
2022-08-30,2.48,2.57,2.48,2.54,2.54,13550
2022-08-31,2.58,2.58,2.4601,2.5,2.5,16098
2022-09-01,2.5,2.5,2.3638,2.4555,2.4555,15171
2022-09-02,2.48,2.48,2.12,2.19,2.19,67359
2022-09-06,2.19,2.34,2.15,2.22,2.22,170078
2022-09-07,2.13,2.19,2.13,2.16,2.16,14299
2022-09-08,2.19,2.19,2.13,2.155,2.155,34519
2022-09-09,2.12,2.18,1.96,2.04,2.04,31206
2022-09-12,1.96,2.051,1.96,2.01,2.01,5095
2022-09-13,1.97,2.06,1.9201,2.01,2.01,36772
2022-09-14,2.01,2.01,1.92,1.98,1.98,50108
2022-09-15,1.89,1.901,1.76,1.85,1.85,46081
2022-09-16,1.86,1.95,1.81,1.81,1.81,12208
2022-09-19,1.85,1.87,1.8,1.82,1.82,7302
2022-09-20,1.96,1.99,1.9199,1.98,1.98,14023
2022-09-21,1.99,2.0,1.9094,1.98,1.98,21343
2022-09-22,1.9656,2.0,1.93,1.94,1.94,16948
2022-09-23,1.9059,1.94,1.7006,1.735,1.735,33933
2022-09-26,1.7843,1.7843,1.72,1.72,1.72,11633
2022-09-27,1.83,1.83,1.66,1.66,1.66,7996
2022-09-28,1.76,1.78,1.725,1.78,1.78,5188
2022-09-29,1.75,1.76,1.7464,1.76,1.76,3106
2022-09-30,1.75,1.78,1.71,1.71,1.71,4345
2022-10-03,1.7,1.7522,1.7,1.7454,1.7454,1561
2022-10-04,1.71,1.85,1.71,1.8199,1.8199,5210
2022-10-05,1.7201,1.85,1.7201,1.83,1.83,6508
2022-10-06,1.87,1.98,1.87,1.96,1.96,6811
2022-10-07,1.9394,1.97,1.84,1.89,1.89,11290
2022-10-10,1.89,1.9187,1.89,1.91,1.91,5561
2022-10-11,1.9,1.9,1.86,1.895,1.895,1241
2022-10-12,1.89,1.89,1.86,1.87,1.87,9090
2022-10-13,1.86,1.87,1.79,1.84,1.84,11058
2022-10-14,1.85,1.92,1.85,1.87,1.87,9856
2022-10-17,1.85,1.85,1.8273,1.8437,1.8437,5097
2022-10-18,1.93,1.93,1.84,1.89,1.89,13969
2022-10-19,1.9,1.96,1.8751,1.8751,1.8751,1537
2022-10-20,1.91,1.92,1.86,1.9,1.9,14544
2022-10-21,1.85,1.85,1.82,1.82,1.82,6456
2022-10-24,1.82,1.82,1.75,1.8,1.8,5356
2022-10-25,1.797,1.8199,1.76,1.76,1.76,15145
2022-10-26,1.79,1.81,1.77,1.8,1.8,17873
2022-10-27,1.83,1.83,1.76,1.81,1.81,2546
2022-10-28,1.78,1.81,1.76,1.78,1.78,6258
2022-10-31,1.78,1.86,1.78,1.86,1.86,5956
2022-11-01,1.79,1.85,1.78,1.85,1.85,10434
2022-11-02,1.85,1.95,1.8,1.95,1.95,16518
2022-11-03,1.8,1.9,1.7,1.77,1.77,29262
2022-11-04,1.79,1.84,1.785,1.8,1.8,5128
2022-11-07,1.76,1.87,1.75,1.7601,1.7601,12376
2022-11-08,1.86,1.88,1.82,1.87,1.87,12446
2022-11-09,1.8359,1.87,1.75,1.8343,1.8343,9389
2022-11-10,1.72,1.8695,1.72,1.8286,1.8286,5139
2022-11-11,1.83,1.8391,1.66,1.79,1.79,24494
2022-11-14,1.72,1.78,1.72,1.77,1.77,922
2022-11-15,1.61,1.84,1.61,1.71,1.71,4368
2022-11-16,1.65,1.761,1.65,1.68,1.68,2612
2022-11-17,1.69,1.75,1.68,1.68,1.68,4744
2022-11-18,1.68,1.86,1.68,1.78,1.78,20078
2022-11-21,1.72,1.78,1.68,1.7,1.7,3689
2022-11-22,1.68,1.68,1.68,1.68,1.68,601
2022-11-23,1.71,1.72,1.7,1.72,1.72,2303
2022-11-25,1.86,1.86,1.72,1.72,1.72,1312
2022-11-28,1.72,1.82,1.72,1.76,1.76,1576
2022-11-29,1.82,1.82,1.7,1.77,1.77,2150
2022-11-30,1.77,1.86,1.72,1.75,1.75,7196
2022-12-01,1.72,1.8299,1.565,1.62,1.62,12541
2022-12-02,1.58,1.65,1.58,1.63,1.63,2254
2022-12-05,1.7,1.7,1.5,1.51,1.51,21004
2022-12-06,1.57,1.57,1.39,1.46,1.46,16385
2022-12-07,1.47,1.73,1.41,1.41,1.41,4759
2022-12-08,1.52,1.71,1.4,1.5242,1.5242,22229
2022-12-09,1.505,1.505,1.46,1.47,1.47,3286
2022-12-12,1.41,1.45,1.1801,1.33,1.33,16565
2022-12-13,1.48,1.54,1.46,1.53,1.53,3265
2022-12-14,1.4451,1.4451,1.355,1.37,1.37,2389
2022-12-15,1.39,1.5,1.39,1.48,1.48,3673
2022-12-16,1.86,1.86,1.47,1.54,1.54,8358
2022-12-19,1.61,1.61,1.48,1.5418,1.5418,3189
2022-12-20,1.43,1.5,1.41,1.43,1.43,11976
2022-12-21,1.34,1.44,1.34,1.4285,1.4285,4469
2022-12-22,1.44,1.45,1.35,1.45,1.45,8747
2022-12-23,1.46,1.5,1.435,1.44,1.44,9970
2022-12-27,1.4046,1.4046,1.35,1.36,1.36,6052
2022-12-28,1.3,1.3917,1.3,1.3069,1.3069,11536
2022-12-29,1.45,1.4986,1.2412,1.35,1.35,26513
2022-12-30,1.23,1.32,1.13,1.2733,1.2733,14435
2023-01-03,1.22,1.3,1.22,1.26,1.26,6972
2023-01-04,1.28,1.28,1.25,1.27,1.27,1350
2023-01-05,1.24,1.3665,1.24,1.321,1.321,2307
2023-01-06,1.36,1.44,1.3543,1.4123,1.4123,1314
2023-01-09,1.42,1.4767,1.4,1.4,1.4,7422
2023-01-10,1.39,1.39,1.38,1.39,1.39,1400
2023-01-11,1.3901,1.4066,1.28,1.3799,1.3799,6556
2023-01-12,1.38,1.42,1.35,1.35,1.35,4618
2023-01-13,1.38,1.38,1.37,1.37,1.37,578
2023-01-17,1.38,1.45,1.38,1.38,1.38,1782
2023-01-18,1.46,1.46,1.36,1.43,1.43,5076
2023-01-19,1.41,1.41,1.35,1.35,1.35,18908
2023-01-20,1.38,1.44,1.3101,1.37,1.37,18294
2023-01-23,1.37,1.44,1.37,1.44,1.44,12015
2023-01-24,1.4,1.44,1.38,1.44,1.44,3672
2023-01-25,1.38,1.44,1.35,1.4398,1.4398,6929
2023-01-26,1.44,1.48,1.36,1.48,1.48,14549
2023-01-27,1.4,1.47,1.36,1.4195,1.4195,5950
2023-01-30,1.38,1.46,1.38,1.45,1.45,7034
2023-01-31,1.48,1.48,1.43,1.4425,1.4425,21583
2023-02-01,1.48,1.53,1.43,1.48,1.48,4775
2023-02-02,1.5,1.5,1.4,1.4299,1.4299,7858
2023-02-03,1.5,1.62,1.49,1.5015,1.5015,6450
2023-02-06,1.63,1.69,1.55,1.6715,1.6715,13230
2023-02-07,1.7075,1.794,1.54,1.6,1.6,34892
2023-02-08,1.6373,1.69,1.6,1.65,1.65,6917
2023-02-09,1.71,1.78,1.6237,1.705,1.705,14738
2023-02-10,1.7,1.8,1.6501,1.74,1.74,11384
2023-02-13,1.79,1.82,1.7482,1.77,1.77,12984
2023-02-14,1.85,1.85,1.77,1.7805,1.7805,8289
2023-02-15,1.79,1.86,1.79,1.85,1.85,10826
2023-02-16,1.85,2.04,1.85,1.9995,1.9995,87209
2023-02-17,2.18,2.32,2.04,2.15,2.15,172863
2023-02-21,2.25,2.25,1.84,1.86,1.86,55068
2023-02-22,1.94,2.0108,1.85,1.9,1.9,15654
2023-02-23,1.88,1.95,1.85,1.95,1.95,22178
2023-02-24,1.94,1.94,1.82,1.87,1.87,57579
2023-02-27,1.9,1.91,1.83,1.89,1.89,24588
2023-02-28,1.87,1.9,1.835,1.9,1.9,8679
2023-03-01,1.95,1.95,1.9,1.9292,1.9292,8125
2023-03-02,1.95,1.9888,1.8801,1.9881,1.9881,12937
2023-03-03,1.98,1.98,1.9001,1.91,1.91,5832
2023-03-06,1.98,1.98,1.9061,1.95,1.95,647594
2023-03-07,2.09,2.43,2.06,2.32,2.32,385876
2023-03-08,2.32,2.48,2.32,2.42,2.42,64729
2023-03-09,2.44,2.4899,2.28,2.47,2.47,80094
2023-03-10,2.48,2.48,1.9975,2.0,2.0,38032
2023-03-13,2.06,2.2199,1.96,1.99,1.99,26633
2023-03-14,1.94,2.0,1.81,1.92,1.92,40358
2023-03-15,1.8,1.99,1.8,1.99,1.99,24044
2023-03-16,1.93,1.98,1.87,1.87,1.87,15810
2023-03-17,1.88,1.9599,1.88,1.9,1.9,15694
2023-03-20,1.89,1.925,1.8,1.8,1.8,10903
2023-03-21,1.8,1.9299,1.8,1.9,1.9,5619
2023-03-22,1.93,1.97,1.87,1.87,1.87,5486
2023-03-23,1.86,1.86,1.76,1.76,1.76,17818
2023-03-24,1.8,1.889,1.8,1.88,1.88,8899
2023-03-27,1.9,1.9,1.8,1.82,1.82,9775
2023-03-28,1.88,1.8899,1.81,1.81,1.81,10717
2023-03-29,1.85,1.8637,1.81,1.83,1.83,5652
2023-03-30,1.82,1.87,1.82,1.87,1.87,6391
2023-03-31,1.99,2.05,1.84,1.93,1.93,16874
2023-04-03,1.98,1.98,1.85,1.91,1.91,23062
2023-04-04,1.925,1.9398,1.87,1.89,1.89,7020
2023-04-05,1.9,1.9,1.8401,1.87,1.87,8661
2023-04-06,1.865,1.9,1.81,1.84,1.84,9909
2023-04-10,1.83,1.9,1.81,1.83,1.83,17636
2023-04-11,1.8991,1.97,1.85,1.97,1.97,8727
2023-04-12,1.97,1.98,1.88,1.88,1.88,12989
2023-04-13,1.94,1.95,1.89,1.9,1.9,12708
2023-04-14,1.93,1.98,1.83,1.85,1.85,19921
2023-04-17,1.9799,1.9799,1.83,1.85,1.85,12019
2023-04-18,1.9286,1.94,1.86,1.89,1.89,10081
2023-04-19,1.93,1.9499,1.8977,1.94,1.94,3763
2023-04-20,1.9,1.9477,1.9,1.92,1.92,1548
2023-04-21,1.9,1.95,1.88,1.88,1.88,6046
2023-04-24,1.85,1.91,1.84,1.91,1.91,5975
2023-04-25,1.87,1.91,1.84,1.8407,1.8407,6555
2023-04-26,1.84,1.865,1.8,1.83,1.83,4641
2023-04-27,1.81,1.8199,1.79,1.8,1.8,3936
2023-04-28,1.8,1.8299,1.8,1.805,1.805,11587
2023-05-01,1.8,1.955,1.8,1.94,1.94,21383
2023-05-02,1.943,2.07,1.8001,1.88,1.88,74963
2023-05-03,1.91,1.92,1.86,1.89,1.89,12295
2023-05-04,1.89,1.94,1.85,1.8872,1.8872,7022
2023-05-05,1.88,1.8899,1.82,1.86,1.86,6114
2023-05-08,1.76,1.82,1.76,1.82,1.82,8564
2023-05-09,1.77,1.81,1.76,1.81,1.81,8057
2023-05-10,1.73,1.8699,1.73,1.75,1.75,4837
2023-05-11,1.73,1.75,1.7,1.71,1.71,14711
2023-05-12,1.6968,1.6968,1.5534,1.6,1.6,25204
2023-05-15,1.56,1.61,1.52,1.52,1.52,10306
2023-05-16,1.5,1.52,1.45,1.4801,1.4801,14455
2023-05-17,1.45,1.57,1.45,1.49,1.49,35375
2023-05-18,1.5599,1.5799,1.48,1.49,1.49,24629
2023-05-19,1.49,1.5,1.48,1.4801,1.4801,26110
2023-05-22,1.49,1.5699,1.49,1.52,1.52,9661
2023-05-23,1.53,1.55,1.5,1.55,1.55,9073
2023-05-24,1.55,1.55,1.49,1.4901,1.4901,39368
2023-05-25,1.4996,1.52,1.48,1.48,1.48,12639
2023-05-26,1.5,1.5399,1.48,1.4953,1.4953,11251
2023-05-30,1.5,1.5745,1.48,1.4906,1.4906,16985
2023-05-31,1.49,1.54,1.49,1.49,1.49,9331
2023-06-01,1.54,1.55,1.5,1.5,1.5,4372
2023-06-02,1.47,1.5216,1.47,1.485,1.485,14753
2023-06-05,1.52,1.52,1.45,1.45,1.45,11427
2023-06-06,1.4543,1.4602,1.4,1.4,1.4,12942
2023-06-07,1.41,1.41,1.35,1.35,1.35,9005
2023-06-08,1.62,1.62,1.34,1.4,1.4,38053
2023-06-09,1.5,1.5,1.23,1.2899,1.2899,31784
2023-06-12,1.27,1.337,1.26,1.26,1.26,10420
2023-06-13,1.26,1.3,1.25,1.29,1.29,16934
2023-06-14,1.29,1.3599,1.29,1.315,1.315,14657
2023-06-15,1.3101,1.3999,1.31,1.38,1.38,13479
2023-06-16,1.42,1.44,1.37,1.41,1.41,7495
2023-06-20,1.44,1.4498,1.4001,1.4498,1.4498,9640
2023-06-21,1.44,1.4473,1.4,1.4,1.4,9499
2023-06-22,1.361,1.4099,1.361,1.4,1.4,2190
2023-06-23,1.37,1.41,1.35,1.36,1.36,6728
2023-06-26,1.3501,1.39,1.3501,1.37,1.37,2978
2023-06-27,1.35,1.3998,1.35,1.39,1.39,4084
2023-06-28,1.4,1.45,1.39,1.4,1.4,4800
2023-06-29,1.46,1.46,1.43,1.44,1.44,2213
2023-06-30,1.46,1.49,1.43,1.43,1.43,17443
2023-07-03,1.41,1.48,1.41,1.41,1.41,2240
2023-07-05,1.5,1.5,1.38,1.41,1.41,5528
2023-07-06,1.4,1.42,1.3601,1.3677,1.3677,3656
2023-07-07,1.37,1.44,1.3402,1.38,1.38,8266
2023-07-10,1.35,1.41,1.35,1.41,1.41,3205
2023-07-11,1.39,1.4201,1.39,1.395,1.395,4444
2023-07-12,1.38,1.54,1.38,1.52,1.52,18002
2023-07-13,1.42,1.6199,1.42,1.51,1.51,22233
2023-07-14,1.47,1.5499,1.47,1.48,1.48,4119
2023-07-17,1.44,1.4634,1.44,1.4401,1.4401,2093
2023-07-18,1.46,1.506,1.44,1.44,1.44,6895
2023-07-19,1.41,1.45,1.41,1.44,1.44,8148
2023-07-20,1.42,1.42,1.4,1.4,1.4,3007
2023-07-21,1.4383,1.44,1.385,1.3899,1.3899,6293
2023-07-24,1.3801,1.4199,1.35,1.3837,1.3837,11839
2023-07-25,1.44,1.44,1.31,1.38,1.38,16225
2023-07-26,1.33,1.3899,1.3201,1.3446,1.3446,6982
2023-07-27,1.34,1.3699,1.3219,1.35,1.35,4556
2023-07-28,1.3899,1.4145,1.3244,1.37,1.37,5909
2023-07-31,1.29,1.3899,1.29,1.33,1.33,16987
2023-08-01,1.36,1.39,1.3,1.39,1.39,2955
2023-08-02,1.335,1.36,1.31,1.36,1.36,8479
2023-08-03,1.33,1.3499,1.32,1.32,1.32,3321
2023-08-04,1.36,1.3718,1.32,1.32,1.32,2885
2023-08-07,1.31,1.32,1.28,1.29,1.29,4771
2023-08-08,1.25,1.2899,1.1198,1.2198,1.2198,23398
2023-08-09,1.1999,1.33,1.1801,1.25,1.25,31214
2023-08-10,1.26,1.305,1.25,1.25,1.25,7715
2023-08-11,1.275,1.33,1.23,1.2901,1.2901,9180
2023-08-14,1.2966,1.3085,1.22,1.2894,1.2894,6279
2023-08-15,1.2301,1.24,1.18,1.18,1.18,14666
2023-08-16,1.1801,1.22,1.18,1.21,1.21,6559
2023-08-17,1.2356,1.2999,1.21,1.269,1.269,8209
2023-08-18,1.31,1.31,1.22,1.25,1.25,8705
2023-08-21,1.27,1.28,1.21,1.21,1.21,10671
2023-08-22,1.24,1.24,1.21,1.2297,1.2297,1747
2023-08-23,1.26,1.26,1.18,1.21,1.21,9422
2023-08-24,1.27,1.28,1.21,1.21,1.21,7827
2023-08-25,1.2276,1.23,1.2276,1.23,1.23,1138
2023-08-28,1.1901,1.2299,1.1901,1.21,1.21,1998
2023-08-29,1.22,1.2499,1.2199,1.24,1.24,4516
2023-08-30,1.27,1.32,1.2401,1.26,1.26,6187
2023-08-31,1.24,1.266,1.24,1.24,1.24,2262
2023-09-01,1.3,1.3,1.23,1.26,1.26,2867
2023-09-05,1.26,1.26,1.2,1.23,1.23,2781
2023-09-06,1.2324,1.2324,1.21,1.21,1.21,962
2023-09-07,1.18,1.2,1.18,1.19,1.19,2445
2023-09-08,1.18,1.2,1.18,1.18,1.18,10722
2023-09-11,1.18,1.21,1.12,1.12,1.12,9890
2023-09-12,1.16,1.16,1.16,1.16,1.16,508
2023-09-13,1.16,1.1714,1.16,1.16,1.16,983
2023-09-14,1.13,1.1858,1.13,1.1404,1.1404,5271
2023-09-15,1.21,1.21,1.13,1.13,1.13,1259
2023-09-18,1.143,1.16,1.13,1.13,1.13,4261
2023-09-19,1.18,1.18,1.13,1.13,1.13,1016
2023-09-20,1.15,1.17,1.15,1.16,1.16,2562
2023-09-21,1.2,1.2,1.14,1.1435,1.1435,1525
2023-09-22,1.141,1.141,1.14,1.14,1.14,583
2023-09-25,1.13,1.1502,1.13,1.15,1.15,3345
2023-09-26,1.1458,1.19,1.13,1.13,1.13,4444
2023-09-27,1.1301,1.19,1.13,1.1301,1.1301,3826
2023-09-28,1.13,1.15,1.1201,1.15,1.15,855
2023-09-29,1.12,1.155,1.12,1.12,1.12,1461
2023-10-02,1.13,1.13,1.12,1.12,1.12,2613
2023-10-03,1.1445,1.1445,1.12,1.13,1.13,4875
2023-10-04,1.12,1.12,1.1,1.1,1.1,5898
2023-10-05,1.1,1.14,1.1,1.1,1.1,2224
2023-10-06,1.1,1.1396,1.1,1.1,1.1,3847
2023-10-09,1.11,1.14,1.1,1.1,1.1,1444
2023-10-10,1.1,1.1397,1.1,1.1,1.1,6856
2023-10-11,1.1,1.1,1.1,1.1,1.1,2725
2023-10-12,1.1,1.1,1.1,1.1,1.1,3023
2023-10-13,1.1,1.14,1.1,1.1,1.1,8288
2023-10-16,1.1,1.15,1.1,1.1,1.1,1533
2023-10-17,1.1,1.1299,1.02,1.08,1.08,2343
2023-10-18,1.09,1.09,1.04,1.04,1.04,3241
2023-10-19,1.1,1.12,1.0184,1.03,1.03,1676
2023-10-20,1.0165,1.05,1.0165,1.05,1.05,2014
2023-10-23,1.02,1.08,1.02,1.06,1.06,1161
2023-10-24,1.02,1.0726,1.02,1.0289,1.0289,7108
2023-10-25,1.0202,1.065,1.02,1.02,1.02,2208
2023-10-26,1.0,1.08,1.0,1.08,1.08,5238
2023-10-27,1.05,1.05,0.9546,0.96,0.96,10372
2023-10-30,1.01,1.05,0.92,1.05,1.05,6453
2023-10-31,0.926,1.0099,0.926,0.9698,0.9698,2292
2023-11-01,0.983,0.983,0.89,0.96,0.96,6227
2023-11-02,1.05,1.06,0.88,0.95,0.95,5080
2023-11-03,1.06,1.06,0.9001,0.9896,0.9896,9591
2023-11-06,1.05,1.1,0.91,0.91,0.91,3019
2023-11-07,0.9201,0.995,0.9201,0.9639,0.9639,1950
2023-11-08,0.83,0.9548,0.83,0.8533,0.8533,34199
2023-11-09,0.8798,0.8991,0.85,0.85,0.85,10752
2023-11-10,0.9492,0.9492,0.8549,0.8549,0.8549,5374
2023-11-13,0.8,0.8801,0.8,0.87,0.87,8391
2023-11-14,0.89,0.9494,0.89,0.89,0.89,5722
2023-11-15,0.8465,0.9388,0.8464,0.86,0.86,5195
2023-11-16,0.84,0.861,0.84,0.861,0.861,3975
2023-11-17,0.8176,0.9298,0.8106,0.9298,0.9298,2338
2023-11-20,0.9293,0.9293,0.8698,0.91,0.91,2782
2023-11-21,0.9798,0.9798,0.91,0.91,0.91,925
2023-11-22,0.9494,0.97,0.87,0.9282,0.9282,2530
2023-11-24,0.97,0.98,0.9159,0.9249,0.9249,2351
2023-11-27,0.85,0.85,0.85,0.85,0.85,3742
2023-11-28,0.87,0.9595,0.8,0.9498,0.9498,3964
2023-11-29,0.8833,0.9275,0.8201,0.8796,0.8796,4335
2023-11-30,0.83,0.879,0.83,0.879,0.879,3792
2023-12-01,0.86,0.87,0.8,0.86,0.86,7003
2023-12-04,0.8799,0.9042,0.8472,0.8899,0.8899,9697
2023-12-05,0.8999,0.8999,0.85,0.85,0.85,4651
2023-12-06,0.81,0.9596,0.81,0.9504,0.9504,19209
2023-12-07,0.8623,0.89,0.8523,0.89,0.89,2494
2023-12-08,0.89,0.8938,0.8,0.81,0.81,20894
2023-12-11,0.85,0.9346,0.85,0.901,0.901,7137
2023-12-12,0.901,0.9228,0.88,0.89,0.89,2438
2023-12-13,0.9,0.9099,0.8801,0.89,0.89,7405
2023-12-14,0.91,0.91,0.85,0.85,0.85,20722
2023-12-15,0.8887,0.8887,0.8502,0.8502,0.8502,6655
2023-12-18,0.7887,0.849,0.7887,0.83,0.83,26318
2023-12-19,0.8697,0.8712,0.8301,0.845,0.845,22134
2023-12-20,0.85,0.85,0.83,0.83,0.83,20556
2023-12-21,0.8597,0.8597,0.81,0.81,0.81,12903
2023-12-22,0.83,0.86,0.813,0.813,0.813,2804
2023-12-26,0.8391,0.8688,0.8391,0.8391,0.8391,6992
2023-12-27,0.85,1.1899,0.85,1.05,1.05,89078
2023-12-28,1.18,1.18,1.0397,1.14,1.14,125516
2023-12-29,1.22,1.27,1.1109,1.1597,1.1597,33772
2024-01-02,1.15,1.15,0.9741,0.9741,0.9741,15333
2024-01-03,1.09,1.2342,1.04,1.04,1.04,2567
2024-01-04,1.14,1.1499,1.09,1.09,1.09,5609
2024-01-05,1.09,1.2,1.05,1.11,1.11,13054
2024-01-08,1.06,1.06,1.03,1.05,1.05,17693
2024-01-09,1.05,1.115,1.05,1.111,1.111,1408
2024-01-10,1.1,1.16,1.06,1.15,1.15,11776
2024-01-11,1.0451,1.2,0.9208,1.02,1.02,55444
2024-01-12,1.02,1.0799,1.02,1.06,1.06,3883
2024-01-16,1.05,1.08,0.9413,1.05,1.05,10426
2024-01-17,1.045,1.07,1.0,1.05,1.05,19124
2024-01-18,1.05,1.08,1.0488,1.08,1.08,2719
2024-01-19,1.05,1.1053,1.05,1.09,1.09,2345
2024-01-22,1.09,1.1086,1.05,1.05,1.05,18120
2024-01-23,1.03,1.0312,0.95,1.0312,1.0312,3036
2024-01-24,1.03,1.09,1.03,1.09,1.09,6152
2024-01-25,1.03,1.1099,1.03,1.1084,1.1084,21311
2024-01-26,1.08,1.11,1.01,1.08,1.08,7216
2024-01-29,1.1,1.1058,1.07,1.095,1.095,4311
2024-01-30,1.08,1.11,1.08,1.08,1.08,7566
2024-01-31,1.08,1.1,1.08,1.09,1.09,1452
2024-02-01,1.1,1.1,1.04,1.1,1.1,12930
2024-02-02,1.08,1.09,1.0682,1.08,1.08,6568
2024-02-05,1.07,1.08,0.9524,1.08,1.08,2116
2024-02-06,1.08,1.1,1.08,1.1,1.1,10212
2024-02-07,1.09,1.2,1.09,1.16,1.16,62496
2024-02-08,1.17,1.18,1.1499,1.18,1.18,15145
2024-02-09,1.19,1.29,1.13,1.25,1.25,23289
2024-02-12,1.28,1.3,1.19,1.28,1.28,23538
2024-02-13,1.25,1.3,1.25,1.3,1.3,15216
2024-02-14,1.3,1.48,1.27,1.45,1.45,64196
2024-02-15,1.44,1.45,1.395,1.4297,1.4297,68202
2024-02-16,1.39,1.5,1.3218,1.46,1.46,39354
2024-02-20,1.38,1.4189,1.31,1.3406,1.3406,9245
2024-02-21,1.253,1.34,1.253,1.34,1.34,6388
2024-02-22,1.34,1.34,1.34,1.34,1.34,1435
2024-02-23,1.22,1.329,1.2,1.22,1.22,8171
2024-02-26,1.21,1.26,1.19,1.24,1.24,18778
2024-02-27,1.215,1.2564,1.1901,1.235,1.235,5801
2024-02-28,1.18,1.25,1.18,1.24,1.24,8370
2024-02-29,1.16,1.38,1.16,1.29,1.29,65366
2024-03-01,1.37,1.42,1.03,1.41,1.41,115083
2024-03-04,1.55,1.55,1.4,1.49,1.49,69138
2024-03-05,1.43,1.49,1.42,1.4599,1.4599,15670
2024-03-06,1.54,1.64,1.45,1.61,1.61,54762
2024-03-07,1.56,1.57,1.42,1.5097,1.5097,38127
2024-03-08,1.54,1.57,1.45,1.57,1.57,23391
2024-03-11,1.53,1.63,1.53,1.59,1.59,20386
2024-03-12,1.63,1.63,1.53,1.59,1.59,13694
2024-03-13,1.59,1.6,1.57,1.59,1.59,24876
2024-03-14,1.565,1.6099,1.565,1.6098,1.6098,19488
2024-03-15,1.46,1.6499,1.4501,1.579,1.579,73529
2024-03-18,1.65,1.65,1.4,1.55,1.55,44957
2024-03-19,1.55,1.6071,1.1,1.4,1.4,73494
2024-03-20,1.15,1.33,1.1,1.27,1.27,56256
2024-03-21,1.18,1.28,1.1,1.16,1.16,73221
2024-03-22,1.18,1.18,1.0,1.08,1.08,77614
2024-03-25,1.08,1.164,1.06,1.06,1.06,4443
2024-03-26,1.08,1.08,1.01,1.02,1.02,7329
2024-03-27,1.16,1.17,1.02,1.115,1.115,55631
2024-03-28,1.06,1.13,1.05,1.06,1.06,12429
2024-04-01,1.08,1.0999,1.0,1.0,1.0,11678
2024-04-02,1.0,1.04,1.0,1.015,1.015,10584
2024-04-03,1.0124,1.0197,1.0,1.01,1.01,15933
2024-04-04,1.01,1.136,0.93,1.075,1.075,82824
2024-04-05,1.08,1.1,1.0055,1.0601,1.0601,48170
2024-04-08,1.02,1.13,1.02,1.07,1.07,11390
2024-04-09,1.06,1.16,1.011,1.05,1.05,64765
2024-04-10,1.1499,1.1499,1.06,1.07,1.07,33881
2024-04-11,1.1,1.1013,1.01,1.04,1.04,68356
2024-04-12,1.01,1.06,0.88,0.92,0.92,143446
2024-04-15,0.94,0.94,0.8508,0.86,0.86,19111
2024-04-16,0.8554,0.973,0.8554,0.8843,0.8843,18385
2024-04-17,0.9782,0.9782,0.9463,0.9747,0.9747,3226
2024-04-18,0.98,1.04,0.9101,1.03,1.03,20914
2024-04-19,1.03,1.03,0.9167,0.97,0.97,11407
2024-04-22,0.99,1.01,0.87,0.89,0.89,12642
2024-04-23,0.9598,0.9806,0.89,0.8906,0.8906,16889
2024-04-24,0.891,0.93,0.87,0.87,0.87,6307
2024-04-25,0.87,0.92,0.87,0.8801,0.8801,11876
2024-04-26,0.8901,0.9,0.8615,0.87,0.87,8587
2024-04-29,0.91,0.91,0.87,0.87,0.87,14540
2024-04-30,0.9,0.9,0.87,0.89,0.89,11322
2024-05-01,0.9,0.9,0.89,0.8999,0.8999,9155
2024-05-02,0.9,0.92,0.9,0.9008,0.9008,10617
2024-05-03,0.89,0.937,0.8629,0.9073,0.9073,12047
2024-05-06,0.9,0.9209,0.86,0.87,0.87,52316
2024-05-07,0.8701,0.9199,0.82,0.8562,0.8562,17877
2024-05-08,0.92,0.92,0.8301,0.877,0.877,6859
2024-05-09,0.874,0.9758,0.874,0.9023,0.9023,2899
2024-05-10,0.93,0.93,0.89,0.9,0.9,4907
2024-05-13,0.91,0.925,0.7923,0.835,0.835,38858
2024-05-14,0.83,0.97,0.83,0.9199,0.9199,20600
2024-05-15,0.9101,0.94,0.8762,0.9303,0.9303,8086
2024-05-16,0.9101,0.9199,0.9,0.9143,0.9143,6558
2024-05-17,0.93,0.93,0.91,0.91,0.91,3233
2024-05-20,0.91,0.9398,0.9001,0.91,0.91,8612
2024-05-21,0.91,1.11,0.905,0.9501,0.9501,28601
2024-05-22,0.95,0.95,0.9101,0.9101,0.9101,3627
2024-05-23,0.94,0.94,0.8799,0.8799,0.8799,7044
2024-05-24,0.8799,0.8799,0.8498,0.8501,0.8501,6019
2024-05-28,0.78,0.8528,0.78,0.8402,0.8402,30212
2024-05-29,0.801,0.8579,0.801,0.85,0.85,12048
2024-05-30,0.85,0.9157,0.85,0.9,0.9,8066
2024-05-31,0.942,0.95,0.9,0.9485,0.9485,5194
2024-06-03,0.921,0.921,0.89,0.9,0.9,15397
2024-06-04,0.92,0.92,0.89,0.901,0.901,8293
2024-06-05,0.89,0.8999,0.85,0.868,0.868,28096
2024-06-06,0.86,0.888,0.84,0.888,0.888,10650
2024-06-07,0.86,0.86,0.82,0.86,0.86,8909
2024-06-10,0.849,0.8499,0.82,0.82,0.82,13849
2024-06-11,0.8211,0.87,0.8,0.82,0.82,11808
2024-06-12,0.82,0.88,0.8088,0.85,0.85,6908
2024-06-13,0.873,0.873,0.81,0.81,0.81,3347
2024-06-14,0.81,0.8653,0.81,0.84,0.84,3420
2024-06-17,0.8,0.847,0.8,0.81,0.81,10145
2024-06-18,0.83,0.85,0.81,0.8409,0.8409,6853
2024-06-20,0.83,0.845,0.7815,0.8296,0.8296,9987
2024-06-21,0.8,0.8299,0.8,0.82,0.82,4725
2024-06-24,0.84,0.853,0.8042,0.82,0.82,10576
2024-06-25,0.824,0.8345,0.824,0.8345,0.8345,6136
2024-06-26,0.86,0.86,0.79,0.84,0.84,25093
2024-06-27,0.848,0.848,0.791,0.8019,0.8019,10311
2024-06-28,0.79,0.8179,0.78,0.8179,0.8179,11820
2024-07-01,0.81,0.8399,0.78,0.826,0.826,13399
2024-07-02,0.7889,0.8338,0.7889,0.8248,0.8248,10795
2024-07-03,0.7921,0.85,0.7921,0.825,0.825,5805
2024-07-05,0.8,0.8597,0.8,0.859,0.859,5724
2024-07-08,0.859,0.859,0.8051,0.825,0.825,4136
2024-07-09,0.83,0.84,0.8247,0.8373,0.8373,3283
2024-07-10,0.83,0.8347,0.804,0.817,0.817,5870
2024-07-11,0.827,0.827,0.7996,0.8,0.8,7119
2024-07-12,0.822,0.83,0.8125,0.83,0.83,17936
2024-07-15,0.6665,0.8298,0.6665,0.7631,0.7631,76974
2024-07-16,0.6506,0.7475,0.552,0.67,0.67,204260
2024-07-17,0.5511,0.6665,0.5511,0.5851,0.5851,150957
2024-07-18,0.6,0.6586,0.6,0.6451,0.6451,76253
2024-07-19,0.659,0.71,0.6507,0.6507,0.6507,153910
2024-07-22,0.653,0.6979,0.65,0.65,0.65,21195
2024-07-23,0.6531,0.6901,0.6531,0.674,0.674,10862
2024-07-24,0.6802,0.7151,0.653,0.68,0.68,32649
2024-07-25,0.6799,0.68,0.6556,0.66,0.66,13393
2024-07-26,0.66,0.6999,0.652,0.6521,0.6521,9575
2024-07-29,0.653,0.6893,0.653,0.653,0.653,6034
2024-07-30,0.6899,0.6899,0.65,0.6524,0.6524,10578
2024-07-31,0.6524,0.6881,0.6524,0.656,0.656,3127
2024-08-01,0.6601,0.6612,0.651,0.651,0.651,8163
2024-08-02,0.6679,0.669,0.6,0.601,0.601,24107
2024-08-05,0.61,0.6636,0.61,0.65,0.65,4581
2024-08-06,0.65,0.66,0.645,0.66,0.66,4896
2024-08-07,0.66,0.66,0.64,0.6489,0.6489,21972
2024-08-08,0.6,0.6391,0.6,0.6365,0.6365,28072
2024-08-09,0.68,0.68,0.6365,0.6599,0.6599,5766
2024-08-12,0.66,0.66,0.61,0.6398,0.6398,3788
2024-08-13,0.6101,0.6299,0.6101,0.613,0.613,6718
2024-08-14,0.62,0.623,0.5874,0.5874,0.5874,14505
2024-08-15,0.611,0.6248,0.6025,0.61,0.61,2188
2024-08-16,0.618,0.6201,0.5954,0.6,0.6,10576
